{"cameraMode":{"drawMode":0,"name":"Shaded","section":"Shading Mode"},"sceneLighting":true,"audioPlay":false,"sceneViewState":{"m_AlwaysRefresh":false,"showFog":true,"showSkybox":true,"showFlares":true,"showImageEffects":true,"showParticleSystems":true,"showVisualEffectGraphs":true,"m_FxEnabled":true},"in2DMode":false,"pivot":{"x":5.148455619812012,"y":2.4938793182373049,"z":12.292415618896485},"rotation":{"x":-0.11978646367788315,"y":0.1665567010641098,"z":-0.020389027893543245,"w":-0.9785203337669373},"size":1.5268993377685547,"orthographic":false}